{
  "High": {
    "A": 0.321327,
    "A+": 0.173934,
    "A-": 0.271564,
    "AA": 0.069668,
    "AA+": 0.02891,
    "AA-": 0.101422,
    "AAA": 0.033175,
    "B": 0.0,
    "B+": 0.0,
    "B-": 0.0,
    "BB": 0.0,
    "BB+": 0.0,
    "BB-": 0.0,
    "BBB": 0.0,
    "BBB+": 0.0,
    "BBB-": 0.0,
    "C": 0.0,
    "CC": 0.0,
    "CC+": 0.0,
    "CCC": 0.0,
    "CCC+": 0.0,
    "CCC-": 0.0,
    "D": 0.0
  },
  "Low": {
    "A": 0.0,
    "A+": 0.0,
    "A-": 0.0,
    "AA": 0.0,
    "AA+": 0.0,
    "AA-": 0.0,
    "AAA": 0.0,
    "B": 0.110855,
    "B+": 0.152887,
    "B-": 0.105774,
    "BB": 0.176905,
    "BB+": 0.200924,
    "BB-": 0.163048,
    "BBB": 0.0,
    "BBB+": 0.0,
    "BBB-": 0.0,
    "C": 0.002771,
    "CC": 0.004619,
    "CC+": 0.000462,
    "CCC": 0.022171,
    "CCC+": 0.054042,
    "CCC-": 0.003233,
    "D": 0.002309
  },
  "Medium": {
    "A": 0.0,
    "A+": 0.0,
    "A-": 0.0,
    "AA": 0.0,
    "AA+": 0.0,
    "AA-": 0.0,
    "AAA": 0.0,
    "B": 0.0,
    "B+": 0.0,
    "B-": 0.0,
    "BB": 0.0,
    "BB+": 0.0,
    "BB-": 0.0,
    "BBB": 0.368207,
    "BBB+": 0.340782,
    "BBB-": 0.291011,
    "C": 0.0,
    "CC": 0.0,
    "CC+": 0.0,
    "CCC": 0.0,
    "CCC+": 0.0,
    "CCC-": 0.0,
    "D": 0.0
  }
}